{
  "backend/jest.config.js": 1773340635.8271925,
  "backend/instrumentation.ts": 1773340635.8250842,
  "backend/medusa-config.ts": 1776406664.511139,
  "backend/integration-tests/setup.js": 1773340635.8267424,
  "backend/integration-tests/http/health.spec.ts": 1773340635.8263228,
  "backend/src/admin/vite-env.d.ts": 1773340635.833789,
  "backend/src/admin/components/image-upload.tsx": 1773340635.8295963,
  "backend/src/admin/components/rich-text-editor.tsx": 1773340635.830086,
  "backend/src/admin/lib/client.ts": 1773340635.831848,
  "backend/src/admin/i18n/index.ts": 1773340635.8311124,
  "backend/src/admin/routes/pages/page.tsx": 1773340635.8327096,
  "backend/src/workflows/update-page.ts": 1773340635.8523297,
  "backend/src/workflows/delete-page.ts": 1773340635.8504186,
  "backend/src/workflows/create-page.ts": 1773340635.8499413,
  "backend/src/workflows/steps/update-page.ts": 1773340635.8519037,
  "backend/src/workflows/steps/delete-page.ts": 1773340635.8514638,
  "backend/src/workflows/steps/create-page.ts": 1773340635.8509917,
  "backend/src/scripts/postBuild.js": 1773343210.4004474,
  "backend/src/scripts/seed.ts": 1773340635.84816,
  "backend/src/api/middlewares.ts": 1773340635.8383925,
  "backend/src/api/admin/custom/route.ts": 1773340635.835495,
  "backend/src/api/admin/pages/middlewares.ts": 1773340635.8370545,
  "backend/src/api/admin/pages/route.ts": 1773340635.8375957,
  "backend/src/api/admin/pages/[id]/route.ts": 1773340635.836421,
  "backend/src/api/store/site/route.ts": 1773340635.8410306,
  "backend/src/api/store/custom/route.ts": 1773340635.8389292,
  "backend/src/api/store/pages/middlewares.ts": 1773340635.840019,
  "backend/src/api/store/pages/route.ts": 1773340635.8404703,
  "backend/src/api/store/pages/[slug]/route.ts": 1773340635.8395991,
  "backend/src/modules/page/index.ts": 1773340635.8439338,
  "backend/src/modules/page/service.ts": 1773340635.8462238,
  "backend/src/modules/page/migrations/Migration20260307191714.ts": 1773340635.8451917,
  "backend/src/modules/page/models/page.ts": 1773340635.8457742,
  "backend/src/modules/minio-file/index.ts": 1773435916.0423527,
  "backend/src/modules/minio-file/service.ts": 1773435916.0426185,
  "backend/README.md": 1773340635.824573,
  "backend/integration-tests/http/README.md": 1773340635.8258293,
  "backend/src/admin/README.md": 1773340635.8289666,
  "backend/src/admin/i18n/README.md": 1773340635.8306437,
  "backend/src/workflows/README.md": 1773340635.8494625,
  "backend/src/links/README.md": 1773340635.842264,
  "backend/src/scripts/README.md": 1773340635.8470895,
  "backend/src/api/README.md": 1773340635.8343983,
  "backend/src/subscribers/README.md": 1773340635.8488352,
  "backend/src/jobs/README.md": 1773340635.8416994,
  "backend/src/modules/README.md": 1773340635.8430471,
  "backend/src/modules/minio-file/README.md": 1773435916.042108,
  "backend/static/1772827266162-46384.jpg": 1773340635.8559384,
  "backend/static/1773364983488-a37a5a_76c50f9ff6394e0f92692db0e85bb3e0~mv2.jpg": 1773421148.605695,
  "backend/static/1772994322439-big_artiicial_olive_trees_and_fr_planting.jpg": 1773340635.8635528,
  "backend/static/1773336392735-lorem.jpeg": 1773340635.8659136,
  "backend/static/1772827266167-2533.jpg": 1773340635.8611472
}